{
  "roc_auc": 0.9914285714285714,
  "pr_auc": 0.7920226423902894,
  "f1": 0.4,
  "confusion_matrix": [
    [
      1050,
      0
    ],
    [
      6,
      2
    ]
  ],
  "classification_report": {
    "0.0": {
      "precision": 0.9943181818181818,
      "recall": 1.0,
      "f1-score": 0.9971509971509972,
      "support": 1050.0
    },
    "1.0": {
      "precision": 1.0,
      "recall": 0.25,
      "f1-score": 0.4,
      "support": 8.0
    },
    "accuracy": 0.994328922495274,
    "macro avg": {
      "precision": 0.9971590909090908,
      "recall": 0.625,
      "f1-score": 0.6985754985754986,
      "support": 1058.0
    },
    "weighted avg": {
      "precision": 0.9943611445265508,
      "recall": 0.994328922495274,
      "f1-score": 0.9926356777018404,
      "support": 1058.0
    }
  },
  "n_train": 3171,
  "n_test": 1058,
  "positive_rate_train": 0.007253232418795333,
  "positive_rate_test": 0.007561436672967864,
  "label_definition": {
    "insolation_range": [
      0.35,
      1.5
    ],
    "radius_range": [
      0.5,
      1.75
    ]
  },
  "features": {
    "numeric": [
      "pl_eqt",
      "st_teff",
      "st_rad",
      "st_mass",
      "sy_dist",
      "pl_orbper"
    ],
    "categorical": [
      "discoverymethod"
    ]
  }
}